loop,host,path
500,dyq9ux9ryu4qj.cloudfront.net,/assets/stylesheets/10773/opendata-22b43b4f59bf7ab9758d8dbe7769cfa7600e70fc.css
loop,host,path
500,dyq9ux9ryu4qj.cloudfront.net,/assets/stylesheets/10766/opendata-afdadefcb6f81af9d9aed5518145cc1edd9bfd72.css
loop,host,path
500,dyq9ux9ryu4qj.cloudfront.net,/assets/stylesheets/10778/opendata-22b43b4f59bf7ab9758d8dbe7769cfa7600e70fc.css
loop,host,path
500,dyq9ux9ryu4qj.cloudfront.net,/assets/stylesheets/10735/opendata-22b43b4f59bf7ab9758d8dbe7769cfa7600e70fc.css
loop,host,path
500,dyq9ux9ryu4qj.cloudfront.net,/assets/stylesheets/10855/opendata-b1f336fb64d64521641deda82341e1dde02465e6.css
loop,host,path
500,dyq9ux9ryu4qj.cloudfront.net,/assets/stylesheets/10817/opendata-22b43b4f59bf7ab9758d8dbe7769cfa7600e70fc.css
loop,host,path
500,dyq9ux9ryu4qj.cloudfront.net,/assets/stylesheets/10836/opendata-f22bc883100855be42b858247422d486c4e22bdb.css
loop,host,path
500,dyq9ux9ryu4qj.cloudfront.net,/assets/stylesheets/10829/opendata-f22bc883100855be42b858247422d486c4e22bdb.css
loop,host,path
500,dyq9ux9ryu4qj.cloudfront.net,/assets/stylesheets/10831/opendata-f22bc883100855be42b858247422d486c4e22bdb.css
loop,host,path
500,dyq9ux9ryu4qj.cloudfront.net,/assets/stylesheets/10824/opendata-f22bc883100855be42b858247422d486c4e22bdb.css
